sale_year,total_sales_amount,average_sale_amount,total_transactions
2023,59629.26,257.0226724137931,232
2024,2477411.3,253.5733162743091,9770
